                  epoch,         train/box_loss,         train/cls_loss,         train/dfl_loss,   metrics/precision(B),      metrics/recall(B),       metrics/mAP50(B),    metrics/mAP50-95(B),           val/box_loss,           val/cls_loss,           val/dfl_loss,                 lr/pg0,                 lr/pg1,                 lr/pg2
                      1,                 2.0906,                 2.5568,                 2.0349,                0.67628,                0.63834,                0.62643,                0.39105,                 1.3257,                 1.7798,                 1.3408,              0.0033133,              0.0033133,              0.0033133
                      2,                0.97195,                 1.1166,                 1.1491,                0.59574,                0.71103,                0.64596,                0.46048,                0.91687,                 1.2978,                 1.0652,              0.0066372,              0.0066372,              0.0066372
                      3,                0.84555,                0.98197,                 1.0553,                0.65559,                0.73337,                0.66033,                0.46234,                 1.0734,                 1.2109,                 1.1805,              0.0099517,              0.0099517,              0.0099517
                      4,                0.81211,                0.91618,                 1.0516,                0.66977,                0.73792,                0.72271,                0.53821,                0.91637,                 1.0379,                 1.0837,              0.0099576,              0.0099576,              0.0099576
                      5,                 0.7826,                0.83842,                 1.0366,                0.69212,                0.76087,                0.76704,                0.59096,                0.78689,                  0.927,                 1.0008,              0.0099434,              0.0099434,              0.0099434
                      6,                0.74434,                0.83342,                 1.0198,                0.61095,                0.72585,                0.64733,                0.49297,                0.79075,                  1.011,                 0.9984,              0.0099293,              0.0099293,              0.0099293
                      7,                  0.732,                0.81506,                 1.0171,                0.68319,                0.76872,                0.76368,                0.59079,                0.81295,                0.91355,                 1.0025,              0.0099151,              0.0099151,              0.0099151
                      8,                 0.7297,                0.77147,                  1.016,                0.72344,                0.79771,                0.81213,                0.65452,                0.71507,                0.80529,                0.96545,               0.009901,               0.009901,               0.009901
                      9,                0.72187,                0.76833,                 1.0117,                0.68313,                0.78019,                0.74709,                0.58618,                 0.7521,                0.85641,                0.98957,              0.0098869,              0.0098869,              0.0098869
                     10,                0.69347,                0.72495,                 1.0041,                0.69329,                0.81944,                0.75848,                0.60353,                0.72914,                0.83885,                0.98321,              0.0098727,              0.0098727,              0.0098727
                     11,                0.69392,                0.73267,                 1.0079,                0.71636,                0.83394,                0.79438,                0.64182,                0.71922,                0.79841,                0.97736,              0.0098586,              0.0098586,              0.0098586
                     12,                0.68604,                0.70935,                 1.0025,                0.70192,                0.77926,                 0.7853,                0.63891,                0.70522,                0.84261,                0.97732,              0.0098444,              0.0098444,              0.0098444
                     13,                0.67533,                0.69154,                 1.0015,                0.76431,                0.76329,                0.78132,                0.63584,                0.70613,                0.88319,                0.97538,              0.0098303,              0.0098303,              0.0098303
                     14,                 0.6488,                0.65774,                0.98968,                0.73245,                0.83696,                0.80841,                  0.653,                0.69003,                0.81975,                0.97236,              0.0098161,              0.0098161,              0.0098161
                     15,                0.65929,                 0.6836,                0.98859,                0.73606,                0.80012,                0.80623,                0.65632,                0.69608,                0.76084,                0.97686,               0.009802,               0.009802,               0.009802
                     16,                0.65467,                0.67854,                 0.9865,                0.74212,                0.78894,                0.79894,                0.64368,                0.68058,                0.76479,                0.96006,              0.0097879,              0.0097879,              0.0097879
                     17,                0.64336,                0.66955,                0.98686,                0.77952,                 0.8369,                0.85086,                0.68801,                0.67839,                0.68137,                0.95484,              0.0097737,              0.0097737,              0.0097737
                     18,                0.64625,                0.65114,                0.98443,                0.75121,                0.80797,                0.82866,                 0.6825,                0.66728,                0.73752,                0.95962,              0.0097596,              0.0097596,              0.0097596
                     19,                0.63495,                0.63785,                0.97714,                0.72471,                0.83877,                0.83989,                0.68838,                0.66061,                0.69171,                0.95652,              0.0097454,              0.0097454,              0.0097454
                     20,                0.61783,                0.64153,                0.97939,                 0.7382,                0.78442,                0.79808,                0.64854,                0.66893,                0.81495,                0.96094,              0.0097313,              0.0097313,              0.0097313
                     21,                0.62941,                0.62732,                0.97361,                0.75732,                 0.7965,                0.82164,                0.67398,                0.67859,                0.77969,                0.96088,              0.0097171,              0.0097171,              0.0097171
                     22,                0.62876,                0.63724,                0.97739,                0.76927,                0.81099,                0.85889,                0.71188,                0.64468,                0.67472,                0.94406,               0.009703,               0.009703,               0.009703
                     23,                0.61495,                0.61444,                0.97234,                 0.7263,                0.80676,                0.80747,                0.64935,                 0.7077,                0.74827,                 1.0005,              0.0096889,              0.0096889,              0.0096889
                     24,                0.59853,                0.61046,                0.96838,                0.75305,                0.83031,                0.84919,                0.71095,                0.63408,                0.66593,                0.94139,              0.0096747,              0.0096747,              0.0096747
                     25,                0.61566,                0.61719,                0.97941,                0.75261,                 0.8122,                0.82725,                0.67861,                0.66239,                0.72455,                0.95738,              0.0096606,              0.0096606,              0.0096606
                     26,                0.61176,                0.60519,                0.97385,                0.74918,                0.82186,                0.84637,                0.70454,                0.64592,                 0.6897,                0.95016,              0.0096464,              0.0096464,              0.0096464
                     27,                0.61102,                 0.5975,                0.96625,                0.73197,                0.81959,                0.82772,                0.68588,                0.63877,                0.75188,                0.94192,              0.0096323,              0.0096323,              0.0096323
                     28,                0.60702,                 0.6072,                0.97173,                0.75813,                0.82186,                0.84671,                0.70377,                0.64962,                0.69153,                0.95415,              0.0096181,              0.0096181,              0.0096181
                     29,                0.60338,                0.60289,                 0.9712,                0.72694,                0.79418,                0.82824,                0.67605,                0.64338,                0.73262,                0.95259,               0.009604,               0.009604,               0.009604
                     30,                0.59665,                 0.5837,                0.97356,                0.74598,                0.83937,                0.84548,                 0.6979,                0.62938,                0.66403,                  0.946,              0.0095899,              0.0095899,              0.0095899
                     31,                0.58862,                0.57409,                0.96344,                0.76457,                0.81944,                0.84371,                0.68474,                0.68137,                0.68947,                0.97364,              0.0095757,              0.0095757,              0.0095757
                     32,                0.59836,                0.57572,                0.96294,                0.75263,                0.83778,                0.82717,                0.68754,                0.62775,                0.68697,                0.94927,              0.0095616,              0.0095616,              0.0095616
                     33,                0.58396,                0.56575,                0.96325,                0.77239,                0.81099,                0.85992,                0.71759,                0.61882,                0.65736,                0.94515,              0.0095474,              0.0095474,              0.0095474
                     34,                0.58651,                0.56141,                0.96667,                0.73594,                0.87179,                0.85157,                0.72048,                0.62031,                0.63565,                0.93965,              0.0095333,              0.0095333,              0.0095333
                     35,                0.58728,                0.58152,                0.95714,                0.76001,                0.82428,                0.85103,                0.71618,                0.62879,                0.65081,                0.94103,              0.0095191,              0.0095191,              0.0095191
                     36,                0.59499,                  0.562,                0.96651,                0.75576,                0.80193,                0.82295,                0.68991,                  0.621,                0.72305,                0.93839,               0.009505,               0.009505,               0.009505
                     37,                0.58579,                0.55078,                0.96041,                0.80073,                0.81046,                0.86916,                0.72686,                0.61804,                0.62059,                0.94207,              0.0094909,              0.0094909,              0.0094909
                     38,                0.57963,                0.53857,                0.96194,                0.79128,                0.81727,                0.86249,                0.71877,                0.62816,                0.63377,                 0.9355,              0.0094767,              0.0094767,              0.0094767
                     39,                0.58126,                 0.5477,                0.96246,                0.79339,                0.82782,                0.86909,                0.73454,                0.62307,                0.62486,                0.93713,              0.0094626,              0.0094626,              0.0094626
                     40,                0.58484,                0.55435,                0.96229,                0.77811,                 0.7965,                0.84275,                0.70543,                0.62537,                0.66389,                0.94355,              0.0094484,              0.0094484,              0.0094484
                     41,                 0.5771,                0.54826,                0.95745,                0.79694,                0.80737,                0.84816,                0.71684,                0.60246,                0.63895,                 0.9317,              0.0094343,              0.0094343,              0.0094343
                     42,                0.57043,                0.53325,                0.94981,                0.80785,                0.80857,                0.85838,                0.72384,                0.61596,                0.63092,                0.93525,              0.0094201,              0.0094201,              0.0094201
                     43,                0.58487,                0.52992,                0.95725,                0.77031,                0.85085,                0.87097,                0.73011,                0.62107,                0.62664,                0.94003,               0.009406,               0.009406,               0.009406
                     44,                0.57892,                0.53072,                0.95598,                0.79761,                0.81388,                0.84737,                0.71106,                0.60753,                0.63214,                0.94383,              0.0093919,              0.0093919,              0.0093919
                     45,                0.56554,                0.53177,                0.95254,                0.81216,                0.77234,                0.83837,                0.71136,                 0.6097,                0.68077,                0.93761,              0.0093777,              0.0093777,              0.0093777
                     46,                0.56483,                0.52184,                0.95379,                0.76893,                0.85002,                0.86694,                0.73346,                 0.6076,                0.60828,                0.93595,              0.0093636,              0.0093636,              0.0093636
                     47,                0.57006,                0.51773,                0.95387,                0.79387,                0.79952,                0.86645,                0.72438,                0.60603,                0.62095,                0.93026,              0.0093494,              0.0093494,              0.0093494
                     48,                0.56112,                0.50815,                0.95094,                0.81245,                0.81354,                0.87272,                0.73147,                0.60826,                0.63385,                0.93546,              0.0093353,              0.0093353,              0.0093353
                     49,                0.54865,                0.51286,                0.94288,                0.80007,                0.81438,                0.86025,                0.72647,                 0.6071,                0.65632,                0.93165,              0.0093211,              0.0093211,              0.0093211
                     50,                0.56648,                0.52228,                0.95501,                0.76781,                 0.8442,                0.85666,                0.72493,                0.59967,                 0.6265,                0.93073,               0.009307,               0.009307,               0.009307
                     51,                0.54451,                0.50935,                0.93837,                0.79993,                0.83696,                0.87573,                0.74579,                0.59848,                0.60379,                0.92868,              0.0092929,              0.0092929,              0.0092929
                     52,                0.56766,                0.51829,                0.95438,                0.79517,                0.83152,                0.87389,                0.73775,                0.60708,                0.60795,                0.93905,              0.0092787,              0.0092787,              0.0092787
                     53,                0.56206,                0.49619,                0.95285,                0.79185,                 0.8385,                0.87161,                0.73891,                0.60622,                0.62106,                 0.9331,              0.0092646,              0.0092646,              0.0092646
                     54,                0.55651,                 0.5155,                0.95247,                0.80151,                0.83575,                0.86773,                 0.7315,                0.60578,                0.60873,                0.94577,              0.0092504,              0.0092504,              0.0092504
                     55,                0.54995,                0.49211,                0.94608,                0.82474,                0.81099,                0.86736,                0.73119,                0.60624,                0.61913,                0.94198,              0.0092363,              0.0092363,              0.0092363
                     56,                0.55085,                0.50401,                0.95115,                 0.8064,                0.80487,                0.86817,                0.73065,                 0.6001,                0.63211,                0.94669,              0.0092221,              0.0092221,              0.0092221
                     57,                0.55128,                  0.494,                0.95082,                0.79232,                0.83273,                0.87609,                0.74285,                0.59842,                 0.5844,                0.93213,               0.009208,               0.009208,               0.009208
                     58,                0.54532,                0.49057,                0.94746,                0.78794,                0.85261,                 0.8868,                0.75603,                0.60553,                0.56841,                0.94103,              0.0091939,              0.0091939,              0.0091939
                     59,                0.54988,                0.49697,                0.95163,                0.80366,                0.80495,                0.85319,                 0.7267,                0.59862,                 0.6308,                0.93441,              0.0091797,              0.0091797,              0.0091797
                     60,                0.54207,                0.48305,                0.94091,                0.79482,                0.83998,                0.86627,                0.74062,                 0.5872,                0.60357,                0.92716,              0.0091656,              0.0091656,              0.0091656
                     61,                0.55709,                0.49287,                 0.9484,                0.78477,                0.84964,                0.87342,                0.74376,                0.59007,                 0.6017,                0.93394,              0.0091514,              0.0091514,              0.0091514
                     62,                0.54681,                0.48172,                 0.9457,                0.78091,                0.86311,                0.87635,                0.74552,                0.60491,                0.59742,                0.93579,              0.0091373,              0.0091373,              0.0091373
                     63,                0.53811,                0.48138,                0.94151,                0.78311,                0.84179,                 0.8609,                0.73171,                0.58387,                0.62356,                0.93654,              0.0091231,              0.0091231,              0.0091231
                     64,                0.55877,                0.49638,                0.95708,                 0.8231,                0.81341,                0.87316,                0.74573,                0.59598,                0.58951,                0.95031,               0.009109,               0.009109,               0.009109
                     65,                0.54585,                0.49015,                0.94765,                0.77656,                0.84159,                0.87348,                0.75075,                0.59132,                0.58682,                 0.9361,              0.0090949,              0.0090949,              0.0090949
                     66,                0.54582,                0.48454,                0.95115,                0.79727,                0.83937,                0.87516,                0.74268,                0.59193,                 0.6023,                0.92883,              0.0090807,              0.0090807,              0.0090807
                     67,                0.54132,                 0.4706,                 0.9448,                0.79351,                0.83273,                0.88588,                0.75956,                0.58704,                0.56656,                0.93595,              0.0090666,              0.0090666,              0.0090666
                     68,                0.54148,                 0.4899,                0.94759,                  0.794,                0.83877,                0.86934,                0.74201,                0.59189,                0.61806,                0.92575,              0.0090524,              0.0090524,              0.0090524
                     69,                0.55012,                0.48971,                0.95184,                0.78915,                0.85881,                0.88413,                 0.7554,                0.58727,                0.57587,                0.93517,              0.0090383,              0.0090383,              0.0090383
                     70,                0.53716,                0.46909,                0.94271,                0.79693,                0.84601,                0.87594,                0.74599,                0.59032,                0.60328,                 0.9402,              0.0090241,              0.0090241,              0.0090241
                     71,                0.54555,                0.48397,                0.94983,                 0.8058,                0.83689,                0.87221,                0.74591,                 0.5993,                0.60738,                0.94463,                0.00901,                0.00901,                0.00901
                     72,                0.53991,                0.46647,                 0.9403,                0.80372,                0.84071,                0.88576,                0.75899,                0.58082,                0.56391,                0.92291,              0.0089959,              0.0089959,              0.0089959
                     73,                 0.5338,                0.46879,                0.94426,                0.81453,                0.82005,                0.86434,                0.74149,                0.58762,                0.59418,                0.93496,              0.0089817,              0.0089817,              0.0089817
                     74,                 0.5433,                0.47297,                0.94861,                0.79218,                0.83816,                0.85388,                0.72827,                0.58401,                0.65031,                0.93858,              0.0089676,              0.0089676,              0.0089676
                     75,                0.53349,                0.46017,                0.94258,                0.82054,                0.82126,                0.88715,                0.75963,                0.58352,                0.57374,                0.93317,              0.0089534,              0.0089534,              0.0089534
                     76,                0.54041,                0.46559,                0.95049,                0.82996,                0.81341,                0.87449,                0.75235,                0.57667,                0.61332,                0.93519,              0.0089393,              0.0089393,              0.0089393
                     77,                0.53346,                0.46001,                0.93528,                0.82666,                0.81884,                0.88376,                0.75401,                0.58247,                0.56738,                0.92518,              0.0089251,              0.0089251,              0.0089251
                     78,                0.53236,                0.45906,                0.93451,                0.80515,                0.84591,                0.88895,                0.75601,                0.58148,                0.55415,                0.92871,               0.008911,               0.008911,               0.008911
                     79,                 0.5405,                0.45519,                0.94619,                0.79762,                0.82825,                0.85641,                0.73307,                0.57939,                0.59997,                0.93918,              0.0088969,              0.0088969,              0.0088969
                     80,                0.52039,                0.45269,                0.93699,                0.81474,                0.83575,                0.88048,                0.75363,                0.58061,                0.56378,                0.93395,              0.0088827,              0.0088827,              0.0088827
                     81,                0.53193,                0.45722,                0.94716,                0.82512,                0.81824,                0.89026,                0.75832,                0.57628,                0.55914,                0.92744,              0.0088686,              0.0088686,              0.0088686
                     82,                0.52979,                 0.4577,                 0.9329,                 0.8051,                0.80556,                 0.8778,                 0.7555,                0.57993,                0.59742,                0.92862,              0.0088544,              0.0088544,              0.0088544
                     83,                0.51264,                0.45004,                0.93432,                0.82347,                0.84504,                0.89301,                0.76361,                0.57223,                0.54606,                0.93355,              0.0088403,              0.0088403,              0.0088403
                     84,                0.52687,                0.44578,                0.94408,                0.80285,                 0.8361,                0.87625,                0.75216,                0.57603,                 0.5881,                 0.9355,              0.0088261,              0.0088261,              0.0088261
                     85,                0.52942,                0.45506,                0.94136,                 0.8323,                0.79891,                0.88358,                 0.7511,                0.58599,                0.58499,                0.93399,               0.008812,               0.008812,               0.008812
                     86,                0.51997,                0.44337,                0.94041,                0.81497,                0.83877,                0.87759,                 0.7451,                0.57931,                0.57384,                0.92706,              0.0087979,              0.0087979,              0.0087979
                     87,                0.52052,                0.44158,                0.94522,                0.80921,                0.82065,                0.86722,                0.74742,                 0.5782,                0.61499,                0.94051,              0.0087837,              0.0087837,              0.0087837
                     88,                0.53478,                0.43406,                0.94839,                0.80144,                0.83152,                0.86815,                0.74794,                0.58639,                0.60527,                0.93366,              0.0087696,              0.0087696,              0.0087696
                     89,                0.51472,                 0.4412,                0.93056,                0.82321,                0.81824,                0.88618,                0.74932,                0.57911,                0.55764,                0.93062,              0.0087554,              0.0087554,              0.0087554
                     90,                0.52518,                0.45351,                0.93569,                0.80465,                0.82005,                0.88561,                0.76005,                0.57578,                0.55204,                0.92388,              0.0087413,              0.0087413,              0.0087413
                     91,                0.52452,                0.43211,                0.93656,                0.79825,                 0.8436,                0.87946,                0.75534,                0.58174,                0.56252,                0.93007,              0.0087271,              0.0087271,              0.0087271
                     92,                0.51839,                0.43675,                0.93485,                0.81064,                0.83635,                 0.8869,                0.75815,                0.58053,                0.56094,                0.93038,               0.008713,               0.008713,               0.008713
                     93,                0.51975,                0.44043,                0.93503,                0.82034,                0.82166,                0.88531,                0.75951,                 0.5853,                0.57439,                0.93169,              0.0086989,              0.0086989,              0.0086989
                     94,                0.51278,                0.43331,                0.92687,                0.81573,                0.83938,                0.88765,                0.76722,                0.57136,                0.55768,                0.92136,              0.0086847,              0.0086847,              0.0086847
                     95,                 0.5233,                0.42922,                0.92957,                0.81508,                0.81716,                0.88318,                0.76402,                0.58177,                0.57383,                0.93694,              0.0086706,              0.0086706,              0.0086706
                     96,                0.52733,                0.43975,                0.93609,                0.82398,                0.83816,                0.89254,                0.76541,                0.58344,                 0.5533,                0.93502,              0.0086564,              0.0086564,              0.0086564
                     97,                0.52401,                0.43853,                0.94069,                0.80094,                0.84481,                0.87424,                0.75253,                0.57613,                0.58485,                0.92564,              0.0086423,              0.0086423,              0.0086423
                     98,                0.51417,                 0.4378,                0.93172,                0.79934,                0.86473,                0.88381,                0.76053,                0.58379,                0.55069,                0.93567,              0.0086281,              0.0086281,              0.0086281
                     99,                  0.517,                0.42796,                0.93975,                0.81525,                0.84468,                 0.8857,                0.76807,                0.57453,                0.55585,                0.93399,               0.008614,               0.008614,               0.008614
                    100,                  0.516,                0.43243,                0.93229,                0.80685,                0.81522,                0.87395,                0.75375,                0.56874,                0.58173,                0.92665,              0.0085999,              0.0085999,              0.0085999
                    101,                0.50961,                0.42428,                0.92767,                0.79535,                0.85628,                 0.8814,                0.76078,                0.56446,                0.54382,                 0.9243,              0.0085857,              0.0085857,              0.0085857
                    102,                0.51236,                0.42741,                0.93275,                0.80334,                0.85085,                0.88853,                0.76621,                 0.5739,                0.55232,                0.93134,              0.0085716,              0.0085716,              0.0085716
                    103,                0.51328,                0.42318,                 0.9305,                0.78179,                 0.8459,                0.87312,                0.75696,                0.56403,                 0.5664,                0.92498,              0.0085574,              0.0085574,              0.0085574
                    104,                0.51272,                0.43303,                 0.9316,                0.79559,                0.86413,                0.88925,                0.76875,                0.56012,                0.54074,                0.92164,              0.0085433,              0.0085433,              0.0085433
                    105,                0.50883,                0.41283,                0.93097,                0.79888,                0.88708,                0.88805,                0.76871,                0.56706,                0.53745,                0.93144,              0.0085291,              0.0085291,              0.0085291
                    106,                0.51496,                0.42399,                0.93894,                0.84097,                0.80435,                0.88322,                0.76425,                0.55944,                0.55613,                0.92323,               0.008515,               0.008515,               0.008515
                    107,                 0.5031,                0.41239,                0.92491,                0.79936,                0.84481,                0.88341,                0.76352,                0.56826,                0.54617,                0.92372,              0.0085009,              0.0085009,              0.0085009
                    108,                0.50064,                0.40644,                0.92083,                0.81647,                0.83514,                0.88153,                0.76517,                0.56429,                0.55166,                0.92762,              0.0084867,              0.0084867,              0.0084867
                    109,                0.50662,                0.41811,                0.92857,                0.81488,                0.84662,                0.88874,                0.76765,                0.56236,                0.54176,                0.92076,              0.0084726,              0.0084726,              0.0084726
                    110,                 0.4993,                0.40678,                0.92255,                0.82779,                0.81522,                0.87941,                0.76482,                0.56445,                0.56088,                0.92374,              0.0084584,              0.0084584,              0.0084584
                    111,                0.51382,                0.40878,                0.93554,                0.79103,                0.85568,                0.88031,                0.75759,                0.57211,                0.57762,                0.92972,              0.0084443,              0.0084443,              0.0084443
                    112,                0.50369,                 0.4148,                0.92652,                0.82626,                0.84145,                0.89621,                 0.7771,                0.56794,                0.53385,                0.92413,              0.0084301,              0.0084301,              0.0084301
                    113,                0.50342,                0.40379,                0.92558,                0.81434,                 0.8317,                0.88783,                0.76942,                0.56652,                0.55776,                0.92143,               0.008416,               0.008416,               0.008416
                    114,                0.51417,                0.41053,                0.93244,                0.81247,                0.83195,                 0.8783,                 0.7597,                0.55701,                0.57605,                 0.9244,              0.0084019,              0.0084019,              0.0084019
                    115,                0.51375,                0.41774,                0.93815,                0.83709,                0.82669,                0.88697,                0.77352,                0.55314,                0.55259,                0.92155,              0.0083877,              0.0083877,              0.0083877
                    116,                  0.494,                0.40219,                0.92715,                0.83693,                0.83696,                0.89453,                0.77232,                0.55688,                0.53223,                0.92708,              0.0083736,              0.0083736,              0.0083736
                    117,                0.50709,                0.40889,                0.92893,                0.81113,                0.83816,                0.87713,                0.76119,                0.55965,                0.56715,                0.92212,              0.0083594,              0.0083594,              0.0083594
                    118,                0.49891,                0.40757,                0.92806,                0.82127,                0.86111,                0.89513,                0.76944,                0.57123,                0.53963,                0.93059,              0.0083453,              0.0083453,              0.0083453
                    119,                0.50726,                0.40871,                0.93312,                0.84237,                0.82005,                0.89646,                 0.7784,                0.55939,                0.54095,                0.92622,              0.0083311,              0.0083311,              0.0083311
                    120,                0.50309,                0.41154,                0.92947,                0.82573,                0.82401,                0.87718,                 0.7608,                 0.5568,                0.56905,                0.92214,               0.008317,               0.008317,               0.008317
                    121,                0.50628,                0.40334,                0.93205,                0.83193,                0.83031,                0.87974,                0.76063,                0.56466,                0.57027,                0.92561,              0.0083029,              0.0083029,              0.0083029
                    122,                0.50914,                0.41106,                0.92907,                 0.7993,                0.84662,                0.87713,                0.75701,                0.56801,                0.55552,                0.92862,              0.0082887,              0.0082887,              0.0082887
                    123,                0.49295,                0.41121,                0.91956,                0.80704,                0.83756,                0.88233,                0.76564,                0.56365,                0.55897,                0.91835,              0.0082746,              0.0082746,              0.0082746
                    124,                0.50048,                0.40275,                0.92441,                0.81174,                0.84882,                0.88998,                0.77103,                0.56871,                  0.524,                0.92306,              0.0082604,              0.0082604,              0.0082604
                    125,                0.50168,                 0.3939,                0.92503,                0.82729,                0.83756,                0.88087,                0.76663,                0.56159,                0.56694,                0.92622,              0.0082463,              0.0082463,              0.0082463
                    126,                0.49083,                0.39341,                0.92742,                0.84288,                0.80018,                0.88229,                0.77023,                0.55874,                0.57921,                0.92551,              0.0082321,              0.0082321,              0.0082321
                    127,                0.49493,                0.41101,                0.92944,                0.84163,                 0.8128,                0.87709,                0.75929,                0.56063,                0.58467,                0.92752,               0.008218,               0.008218,               0.008218
                    128,                0.51551,                0.41508,                0.92964,                0.79777,                0.87904,                0.88873,                  0.768,                0.55923,                0.54443,                0.92259,              0.0082039,              0.0082039,              0.0082039
                    129,                0.49329,                 0.3997,                 0.9192,                0.83087,                0.84247,                0.87707,                0.75932,                0.56392,                0.54592,                0.91985,              0.0081897,              0.0081897,              0.0081897
                    130,                0.50086,                0.39502,                0.93276,                0.80344,                0.84414,                0.87863,                0.76007,                0.56126,                0.56846,                0.91684,              0.0081756,              0.0081756,              0.0081756
                    131,                0.50411,                0.39896,                0.92497,                 0.8239,                0.84903,                0.89474,                 0.7697,                0.56237,                0.53624,                0.92431,              0.0081614,              0.0081614,              0.0081614
                    132,                0.50423,                0.39107,                 0.9307,                0.84777,                0.80035,                0.88392,                 0.7653,                0.55809,                0.55756,                0.92258,              0.0081473,              0.0081473,              0.0081473
                    133,                0.50794,                0.40085,                0.92239,                0.81563,                 0.8436,                0.89003,                0.77183,                0.55768,                0.54146,                0.92133,              0.0081331,              0.0081331,              0.0081331
                    134,                0.49675,                0.39372,                0.92322,                0.85502,                0.82269,                0.89385,                 0.7691,                0.56114,                0.52033,                0.91905,               0.008119,               0.008119,               0.008119
                    135,                0.48572,                0.39688,                0.92087,                0.80199,                0.85361,                0.88546,                0.76703,                0.55534,                0.54818,                0.92245,              0.0081049,              0.0081049,              0.0081049
                    136,                0.49319,                0.38966,                0.92331,                0.84988,                0.82911,                0.89375,                0.77463,                0.55328,                0.53172,                0.92244,              0.0080907,              0.0080907,              0.0080907
                    137,                0.48729,                0.39561,                0.91934,                 0.8523,                0.80918,                0.88861,                0.77444,                  0.551,                0.55486,                0.92185,              0.0080766,              0.0080766,              0.0080766
                    138,                0.49699,                 0.3971,                0.92663,                0.83934,                0.81703,                0.88289,                0.77093,                0.55033,                0.54308,                0.92105,              0.0080624,              0.0080624,              0.0080624
                    139,                0.50284,                0.40383,                0.92811,                0.82099,                0.82428,                0.87354,                0.76063,                0.55417,                0.56105,                0.92675,              0.0080483,              0.0080483,              0.0080483
                    140,                 0.4977,                0.39592,                0.92673,                0.83879,                0.80121,                0.87268,                0.75746,                0.55934,                0.55345,                0.92431,              0.0080341,              0.0080341,              0.0080341
                    141,                0.49237,                 0.3907,                0.92257,                0.84317,                0.82246,                0.88448,                0.76397,                0.56158,                0.53627,                0.92369,                0.00802,                0.00802,                0.00802
                    142,                0.49637,                0.38835,                0.92462,                0.82934,                0.83341,                0.88368,                0.76577,                0.55717,                 0.5613,                0.92718,              0.0080059,              0.0080059,              0.0080059
                    143,                0.49146,                0.38587,                0.92162,                0.80357,                0.83992,                0.87525,                0.75886,                0.56017,                0.58089,                0.92665,              0.0079917,              0.0079917,              0.0079917
                    144,                0.49605,                0.38088,                0.92325,                0.81808,                0.82552,                0.86705,                0.75652,                0.55745,                0.59186,                0.92298,              0.0079776,              0.0079776,              0.0079776
                    145,                0.49529,                0.39156,                0.92256,                0.82211,                0.83445,                 0.8855,                0.77309,                0.55436,                0.55259,                  0.921,              0.0079634,              0.0079634,              0.0079634
                    146,                0.48642,                 0.3805,                0.92858,                0.81412,                0.84106,                0.87428,                0.76495,                 0.5579,                0.57555,                0.92655,              0.0079493,              0.0079493,              0.0079493
                    147,                0.50514,                0.39057,                0.92752,                0.82928,                0.83597,                0.87907,                0.76274,                0.56106,                0.56083,                0.92806,              0.0079351,              0.0079351,              0.0079351
                    148,                0.49415,                0.38663,                0.92216,                0.81321,                 0.8439,                0.88105,                0.76191,                0.56339,                0.55029,                0.92939,               0.007921,               0.007921,               0.007921
                    149,                0.50312,                0.38137,                0.93312,                0.78426,                0.87621,                0.88179,                0.76619,                0.55619,                0.54718,                0.92281,              0.0079069,              0.0079069,              0.0079069
                    150,                0.49537,                0.38362,                0.92719,                0.81924,                0.83394,                 0.8878,                0.76796,                0.55041,                0.54199,                 0.9182,              0.0078927,              0.0078927,              0.0078927
                    151,                0.49832,                 0.3793,                0.92565,                0.83634,                 0.8128,                0.88386,                 0.7724,                0.55544,                 0.5414,                0.91795,              0.0078786,              0.0078786,              0.0078786
                    152,                 0.4955,                0.38444,                0.93111,                0.82789,                0.82428,                0.87173,                 0.7603,                0.55237,                0.56757,                0.92623,              0.0078644,              0.0078644,              0.0078644
                    153,                0.48993,                0.38049,                0.92644,                0.81021,                 0.8481,                0.86834,                0.76115,                0.53985,                0.58713,                0.91937,              0.0078503,              0.0078503,              0.0078503
                    154,                0.49681,                0.37061,                0.92802,                  0.829,                 0.8285,                0.87712,                0.76664,                0.54284,                 0.5614,                0.91925,              0.0078361,              0.0078361,              0.0078361
                    155,                0.48112,                0.38115,                0.91361,                0.81801,                0.83031,                0.86756,                0.75571,                0.54201,                0.57309,                0.91569,               0.007822,               0.007822,               0.007822
                    156,                0.48721,                0.38365,                0.92558,                0.82062,                0.83394,                0.87389,                0.76293,                0.54617,                0.55223,                0.92066,              0.0078079,              0.0078079,              0.0078079
                    157,                0.49492,                0.38451,                0.91852,                0.79953,                0.85085,                0.87758,                0.76534,                0.55188,                 0.5473,                0.91027,              0.0077937,              0.0077937,              0.0077937
                    158,                0.48237,                0.38604,                0.92176,                0.82367,                0.82186,                0.86983,                0.75865,                 0.5537,                0.57624,                0.91965,              0.0077796,              0.0077796,              0.0077796
                    159,                0.48796,                0.38481,                0.91936,                0.82512,                0.82625,                0.87927,                0.76569,                0.54914,                 0.5406,                0.91845,              0.0077654,              0.0077654,              0.0077654
                    160,                0.47898,                0.37606,                0.91338,                0.80324,                0.86773,                0.88214,                0.76872,                0.54918,                0.53437,                0.91718,              0.0077513,              0.0077513,              0.0077513
                    161,                0.48091,                0.38129,                0.91588,                0.81031,                 0.8436,                0.88051,                0.76949,                0.54755,                0.56524,                0.92031,              0.0077371,              0.0077371,              0.0077371
                    162,                0.47966,                0.37565,                0.91541,                0.80182,                0.84903,                 0.8735,                0.76085,                0.54988,                0.57112,                0.92138,               0.007723,               0.007723,               0.007723
                    163,                 0.4857,                0.37934,                0.92732,                0.82248,                0.83376,                0.88067,                0.77073,                0.54735,                0.55943,                0.92035,              0.0077089,              0.0077089,              0.0077089
                    164,                0.48237,                0.37825,                0.92217,                  0.844,                0.81675,                0.88047,                0.76916,                0.55268,                0.54164,                0.92586,              0.0076947,              0.0076947,              0.0076947
                    165,                0.48496,                0.38423,                0.91706,                0.83514,                0.81159,                0.88516,                0.77235,                0.55357,                0.53431,                0.92386,              0.0076806,              0.0076806,              0.0076806
                    166,                0.49084,                  0.387,                0.91744,                0.82631,                0.80437,                0.87934,                 0.7675,                0.55158,                0.54023,                0.91762,              0.0076664,              0.0076664,              0.0076664
                    167,                0.48575,                0.38106,                0.91545,                0.79804,                0.84472,                0.87531,                0.75908,                0.55453,                0.53823,                0.92207,              0.0076523,              0.0076523,              0.0076523
                    168,                0.49171,                0.37444,                0.92515,                0.83038,                0.81522,                0.87771,                0.76478,                0.55485,                0.54956,                0.92095,              0.0076381,              0.0076381,              0.0076381
                    169,                0.47825,                0.37156,                0.91435,                0.82382,                0.80918,                0.87554,                0.76418,                0.54907,                0.55705,                0.92465,               0.007624,               0.007624,               0.007624
                    170,                0.48201,                0.36829,                0.91955,                0.85389,                 0.8011,                0.88612,                0.77202,                0.55127,                 0.5414,                0.92575,              0.0076099,              0.0076099,              0.0076099
                    171,                0.47912,                0.36972,                0.91523,                0.81992,                0.83582,                 0.8823,                0.77113,                0.54898,                0.53985,                0.91686,              0.0075957,              0.0075957,              0.0075957
                    172,                 0.4787,                0.35762,                0.91739,                0.78368,                0.86197,                0.87799,                0.76876,                0.55094,                0.56213,                0.92043,              0.0075816,              0.0075816,              0.0075816
                    173,                0.48367,                0.37788,                0.91531,                0.82319,                0.81643,                0.87631,                0.76765,                0.55142,                0.56411,                0.92381,              0.0075674,              0.0075674,              0.0075674
                    174,                0.47981,                0.36925,                0.92117,                0.84401,                0.81401,                0.88049,                0.76638,                0.55084,                0.54399,                0.92689,              0.0075533,              0.0075533,              0.0075533
                    175,                0.48224,                0.36643,                0.91898,                 0.8408,                0.81645,                0.88164,                0.77049,                0.55022,                0.54961,                0.92428,              0.0075391,              0.0075391,              0.0075391
                    176,                0.47714,                0.37089,                0.91338,                0.82119,                0.84179,                0.87948,                0.76983,                0.55338,                0.54635,                0.92238,               0.007525,               0.007525,               0.007525
                    177,                0.47868,                0.37161,                0.91965,                 0.8436,                0.83382,                0.88873,                0.77758,                0.54987,                0.53091,                0.92346,              0.0075109,              0.0075109,              0.0075109
                    178,                 0.4795,                0.35702,                 0.9233,                0.84934,                 0.8285,                0.88997,                0.77643,                0.55177,                0.53644,                0.92466,              0.0074967,              0.0074967,              0.0074967
                    179,                0.47118,                0.37059,                0.90689,                0.82637,                0.83345,                0.88276,                0.77001,                0.55282,                0.54034,                0.91911,              0.0074826,              0.0074826,              0.0074826
                    180,                0.47731,                0.36389,                0.91658,                0.82954,                 0.8434,                0.88095,                0.76854,                0.55538,                 0.5385,                0.92599,              0.0074684,              0.0074684,              0.0074684
                    181,                0.48051,                0.35403,                0.91675,                0.82477,                0.84986,                0.88213,                0.77216,                0.55346,                0.53759,                0.92599,              0.0074543,              0.0074543,              0.0074543
                    182,                 0.4823,                0.36282,                0.92078,                0.79546,                0.87362,                0.87972,                0.76937,                0.55401,                0.53826,                0.92706,              0.0074401,              0.0074401,              0.0074401
                    183,                 0.4798,                0.36587,                0.91083,                0.81715,                0.84601,                0.87948,                0.76826,                0.55133,                0.53137,                 0.9207,               0.007426,               0.007426,               0.007426
                    184,                0.47258,                0.34848,                0.91632,                0.82953,                0.83156,                0.87823,                 0.7679,                0.55554,                0.53844,                0.92542,              0.0074119,              0.0074119,              0.0074119
                    185,                0.46959,                0.35294,                0.91106,                0.82802,                0.82065,                0.87424,                0.76817,                0.54889,                0.55489,                0.92132,              0.0073977,              0.0073977,              0.0073977
                    186,                0.47359,                0.35891,                0.91829,                0.85353,                0.80072,                0.87774,                0.77029,                0.54774,                0.54605,                0.92152,              0.0073836,              0.0073836,              0.0073836
                    187,                0.48663,                0.36766,                0.91911,                 0.8116,                0.84282,                0.87363,                0.76243,                0.54915,                0.55242,                0.92144,              0.0073694,              0.0073694,              0.0073694
                    188,                0.46985,                0.36564,                 0.9108,                0.83139,                0.80918,                 0.8708,                0.76256,                0.54923,                0.57027,                0.92324,              0.0073553,              0.0073553,              0.0073553
                    189,                0.47525,                0.36772,                0.91882,                0.83795,                0.81401,                0.87625,                0.76944,                0.54629,                0.55474,                0.92369,              0.0073411,              0.0073411,              0.0073411
                    190,                0.48002,                0.36377,                0.91953,                0.83071,                0.82672,                0.87862,                0.77132,                0.54592,                0.54813,                0.92286,               0.007327,               0.007327,               0.007327
                    191,                0.47783,                0.36396,                 0.9197,                  0.828,                0.83696,                0.88158,                0.77489,                0.54221,                0.55085,                0.92271,              0.0073129,              0.0073129,              0.0073129
                    192,                0.48512,                0.36067,                0.93094,                0.82063,                 0.8285,                0.87134,                0.76777,                 0.5398,                0.56603,                0.92077,              0.0072987,              0.0072987,              0.0072987
                    193,                0.47372,                 0.3655,                0.91859,                0.83378,                0.82246,                0.87992,                0.77267,                0.54161,                0.56243,                0.91856,              0.0072846,              0.0072846,              0.0072846
                    194,                0.46658,                0.35216,                 0.9133,                0.80272,                0.86737,                0.88464,                0.77337,                0.54553,                0.55487,                0.91887,              0.0072704,              0.0072704,              0.0072704
                    195,                0.47458,                0.35338,                0.92061,                0.81739,                0.85688,                0.88413,                0.77548,                0.54431,                0.55838,                0.91739,              0.0072563,              0.0072563,              0.0072563
                    196,                0.47908,                0.35329,                0.91282,                0.81595,                0.85447,                0.88721,                0.77695,                0.54471,                 0.5616,                0.92025,              0.0072421,              0.0072421,              0.0072421
                    197,                 0.4867,                0.35925,                0.92275,                0.80231,                0.86264,                0.88708,                0.77694,                0.54658,                0.54696,                0.91962,               0.007228,               0.007228,               0.007228
                    198,                 0.4744,                0.34931,                0.91581,                0.80795,                0.85386,                0.88335,                0.77362,                0.54577,                0.56191,                0.91958,              0.0072139,              0.0072139,              0.0072139
                    199,                 0.4688,                0.35801,                0.91213,                0.82518,                0.84657,                0.88585,                0.77458,                0.54734,                0.54303,                0.91852,              0.0071997,              0.0071997,              0.0071997
                    200,                0.47226,                0.35183,                0.91527,                0.81803,                0.86055,                0.88358,                0.77272,                 0.5453,                0.53451,                0.91672,              0.0071856,              0.0071856,              0.0071856
                    201,                 0.4735,                0.34916,                0.91642,                0.82205,                0.85749,                0.88631,                0.77547,                 0.5449,                 0.5307,                0.91716,              0.0071714,              0.0071714,              0.0071714
                    202,                 0.4722,                0.34727,                0.91046,                0.82008,                0.85873,                0.88103,                0.77356,                0.54394,                0.54364,                0.91568,              0.0071573,              0.0071573,              0.0071573
                    203,                0.47176,                0.35289,                0.90941,                0.81455,                0.86594,                0.88022,                0.76947,                0.54835,                0.54386,                0.91927,              0.0071431,              0.0071431,              0.0071431
                    204,                0.46955,                0.35145,                0.91359,                0.82441,                0.85057,                0.88292,                0.77484,                0.54712,                 0.5378,                0.92065,               0.007129,               0.007129,               0.007129
                    205,                0.47128,                0.34617,                0.91274,                0.84301,                0.83012,                0.88484,                0.77664,                0.54411,                0.54077,                0.91529,              0.0071149,              0.0071149,              0.0071149
                    206,                 0.4624,                0.35389,                0.90254,                0.82155,                0.84512,                0.88301,                0.77372,                 0.5414,                0.55014,                0.91233,              0.0071007,              0.0071007,              0.0071007
                    207,                 0.4634,                0.34342,                0.90623,                0.81488,                0.86836,                0.88363,                0.77443,                0.54115,                0.53985,                0.91375,              0.0070866,              0.0070866,              0.0070866
                    208,                0.47347,                 0.3478,                0.91755,                0.82092,                0.85811,                0.88419,                0.77583,                0.54085,                0.53577,                 0.9151,              0.0070724,              0.0070724,              0.0070724
                    209,                0.47081,                 0.3485,                0.90954,                0.81905,                0.87468,                0.88517,                0.77424,                0.54449,                0.53138,                0.91618,              0.0070583,              0.0070583,              0.0070583
                    210,                0.46487,                0.34324,                0.90976,                0.82361,                0.85714,                0.88298,                0.77154,                0.54695,                0.53502,                0.91771,              0.0070441,              0.0070441,              0.0070441
                    211,                0.47586,                0.35473,                0.91667,                0.80806,                0.86775,                0.88253,                0.77284,                0.54475,                0.54085,                0.91872,                0.00703,                0.00703,                0.00703
                    212,                 0.4667,                0.35321,                 0.9187,                0.82365,                0.84895,                0.87957,                0.77087,                0.54304,                0.54633,                0.92115,              0.0070159,              0.0070159,              0.0070159
                    213,                0.46941,                0.33815,                0.91568,                0.82404,                0.84841,                0.88088,                0.77463,                0.54004,                0.54615,                 0.9198,              0.0070017,              0.0070017,              0.0070017
                    214,                0.46276,                0.33942,                0.90451,                0.83451,                0.83129,                0.88025,                0.77299,                0.53958,                0.54736,                0.91768,              0.0069876,              0.0069876,              0.0069876
                    215,                0.45985,                0.34661,                0.90927,                0.83484,                0.83092,                0.87848,                0.77212,                0.54019,                0.54341,                0.91608,              0.0069734,              0.0069734,              0.0069734
                    216,                0.46884,                0.34845,                0.91064,                0.82258,                 0.8436,                0.87578,                 0.7694,                0.53995,                0.54914,                0.91612,              0.0069593,              0.0069593,              0.0069593
                    217,                0.47146,                0.34536,                0.91273,                0.83999,                0.82669,                0.87654,                0.76944,                 0.5377,                0.54845,                0.91481,              0.0069451,              0.0069451,              0.0069451
                    218,                0.46697,                0.35118,                0.91194,                0.83593,                0.83756,                0.87398,                0.76527,                0.53939,                0.55353,                0.91653,               0.006931,               0.006931,               0.006931
                    219,                0.46795,                0.34689,                0.91042,                0.82418,                0.84922,                0.87699,                0.77051,                  0.538,                0.54936,                0.91593,              0.0069169,              0.0069169,              0.0069169
